INSERT INTO `animal` (`id`, `name`, `health`, `description`, `created_at`, `updated_at`, `deleted_at`, `breed_id`, `habitat_id`, `enclosure_id`) VALUES
('1', 'Simba', 'En attente du rapport vétérinaire', NULL, '2024-07-24 08:28:40', '2024-07-24 08:28:40', NULL, '1', '1', '1'),
('2', 'Sacs', 'En attente du rapport vétérinaire', NULL, '2024-07-26 12:43:31', '2024-07-26 12:43:31', NULL, '2', '3', '3'),
('3', 'Rox', 'En attente du rapport vétérinaire', NULL, '2024-07-26 12:47:35', '2024-07-26 12:47:35', NULL, '3', '2', '4'),
('4', 'Dumbo', 'En attente du rapport vétérinaire', NULL, '2024-07-26 12:49:03', '2024-07-26 12:49:03', NULL, '4', '1', '5'),
('5', 'Taunt', 'En attente du rapport vétérinaire', NULL, '2024-07-26 12:50:01', '2024-07-26 12:50:01', NULL, '5', '1', '6');

INSERT INTO `breed` (`id`, `name`, `created_at`, `updated_at`, `deleted_at`) VALUES
('1', 'Lion', '2024-07-24 08:28:40', '2024-07-24 08:28:40', NULL),
('2', 'Caïman', '2024-07-26 12:43:31', '2024-07-26 12:43:31', NULL),
('3', 'Panda roux', '2024-07-26 12:47:35', '2024-07-26 12:47:35', NULL),
('4', 'Elephant', '2024-07-26 12:49:03', '2024-07-26 12:49:03', NULL),
('5', 'Zèbre', '2024-07-26 12:50:01', '2024-07-26 12:50:01', NULL);

INSERT INTO `enclosure` (`id`, `name`, `description`, `habitat_id`, `short_description`) VALUES
('1', 'Enclos des lions', 'Des arbres clairsemés, comme les acacias, offrent des points d\'ombre et des perchoirs, tandis que des rochers stratégiquement disposés fournissent des lieux de repos et de guet pour les félins. Le sol est recouvert d\'herbes hautes, créant un terrain idéal pour la chasse et l\'exploration. Des zones sablonneuses permettent aux lions de s\'allonger confortablement et de se prélasser au soleil.\r\n\r\nDes barrières naturelles, telles que des collines artificielles et des fossés, sont intégrées pour assurer la sécurité tout en offrant un sentiment d\'ouverture. Des structures telles que des grottes et des abris en pierre imitent les refuges naturels, permettant aux lions de se retirer et de se cacher. Les visiteurs peuvent observer les lions depuis des plateformes surélevées ou des chemins sécurisés, offrant une vue plongeante sur l\'enclos sans déranger les animaux. Ce cadre recrée les interactions sociales et les comportements naturels des lions, offrant une expérience immersive tout en sensibilisant le public à la conservation de ces majestueux prédateurs.', '1', 'L\'enclos des lions offre un espace naturel pour l\'exploration et la chasse.'),
('2', 'Enclos des jaguars', 'sqqdqvd', '2', 'sbsbd'),
('3', 'Enclos des caïmans', 'L\'enclos des caïmans est un espace semi-aquatique recréant leur habitat naturel de marécage. Il comprend une grande étendue d\'eau stagnante avec des zones de végétation dense, des rochers pour se prélasser', '3', 'L\'enclos des caïmans est un espace semi-aquatique recréant leur habitat naturel de marécage.'),
('4', 'Enclos des pandas roux', 'L\'enclos des pandas roux est conçu pour reproduire fidèlement leur habitat naturel de montagne, offrant une forêt dense de bambous, d\'arbres et de buissons. De nombreux arbres à feuilles persistantes, tels que les pins et les chênes, sont stratégiquement plantés pour fournir des opportunités de grimper, un comportement essentiel pour ces animaux arboricoles. Les branches des arbres sont renforcées pour supporter le poids des pandas roux et sont disposées de manière à créer des parcours de grimpe stimulants et variés.\r\n\r\nDes abris naturels, tels que des cavités d\'arbres et des niches en bois, sont répartis dans l\'enclos pour permettre aux pandas roux de se reposer et de se cacher, mimant les crevasses et les nids qu\'ils utiliseraient dans la nature. Le sol est couvert de feuillage et de sous-bois épais pour offrir un environnement confortable et enrichissant.', '2', 'L\'enclos de panda roux est constitué d\'une forêt de bambous et d\'arbres, offrant des branches pour grimper et des abris naturels pour se reposer'),
('5', 'Enclos des éléphants', 'Cet espace fournit de l\'ombre et des sources de nourriture, il inclut plusieurs points d\'eau, comme des étangs et des mares, où les éléphants peuvent se baigner, boire et jouer, recréant leur comportement naturel de socialisation et de toilettage. Des terrains variés, allant de sols sablonneux à des zones herbeuses, permettent aux éléphants de marcher et de creuser.\r\n\r\nDes troncs d\'arbres abattus et des structures en bois sont disséminés pour permettre aux éléphants de se frotter, de se gratter et de démontrer leur force en les manipulant. Les barrières naturelles et les collines artificielles offrent une séparation subtile entre les éléphants et les visiteurs, qui peuvent les observer depuis des plateformes sécurisées et surélevées. L\'enclos est conçu pour promouvoir le bien-être des éléphants, en leur offrant un environnement enrichissant et stimulant qui encourage les comportements naturels et favorise la santé physique et mentale de ces majestueux animaux.', '1', 'L\'enclos des éléphants offre des points d\'eau, permettant aux éléphants de se nourrir, se baigner et de se socialiser.'),
('6', 'Enclos des zèbres', 'Les zèbres peuvent se déplacer librement sur un terrain légèrement vallonné, offrant une diversité de paysages et des zones d\'ombre pour se protéger du soleil.\r\n\r\nDes mares et des points d\'eau sont intégrés pour permettre aux zèbres de boire et de se rafraîchir. Des barrières naturelles, comme des fossés et des haies, sont utilisées pour délimiter l\'enclos tout en maintenant une esthétique naturelle. Des zones de terre battue permettent aux zèbres de se rouler, un comportement essentiel pour leur toilettage et leur confort. Les visiteurs peuvent observer les zèbres depuis des sentiers ou des plateformes surélevées, leur offrant une vue imprenable sur les animaux sans perturber leur environnement. Cet enclos vise à recréer les conditions naturelles de la savane, permettant aux zèbres d\'exprimer leurs comportements sociaux et naturels tout en sensibilisant le public à leur conservation.', '1', 'L\'enclos des zèbres offre un espace ouvert pour la course et le pâturage.');

INSERT INTO `habitat` (`id`, `name`, `description`, `created_at`, `updated_at`, `deleted_at`, `short_description`) VALUES
('1', 'Savane', 'Cet espace est caractérisé par des prairies ondulantes parsemées de quelques arbres et arbustes, comme les acacias, qui offrent de l\'ombre et des points de repère visuels. Le sol est souvent sec et sablonneux, avec des zones boueuses en saison humide pour simuler les points d\'eau naturels.\r\n\r\nLa diversité des plantes est sélectionnée pour résister à la sécheresse et aux feux contrôlés, favorisant un écosystème équilibré. Les animaux, tels que les lions, zèbres, girafes, éléphants, et antilopes, y cohabitent de manière à refléter les interactions complexes de la chaîne alimentaire et des comportements sociaux observés dans la nature. Des structures comme des termitières artificielles et des rochers ajoutent à l\'authenticité de l\'environnement.\r\n\r\nDes mesures de conservation et de gestion durable sont mises en place pour assurer le bien-être des animaux et la pérennité de cet écosystème. Les visiteurs peuvent observer les animaux depuis des plateformes surélevées ou des véhicules de safari, leur permettant de découvrir la richesse et la dynamique de la savane tout en respectant l\'espace des animaux. Ce cadre éducatif et récréatif vise à sensibiliser le public à la beauté et à la fragilité des écosystèmes de savane, tout en contribuant à la conservation des espèces menacées.', '2024-07-24 08:13:19', '2024-07-24 08:13:19', NULL, 'L\'habitat savane est une vaste étendue herbeuse avec quelques arbres clairsemés, recréant les conditions naturelles pour abriter des espèces telles que les lions, zèbres et éléphants.'),
('2', 'Forêt tropical', 'qsfsfqs', '2024-07-24 08:15:34', '2024-07-24 08:15:34', NULL, 'L\'habitat tropical recréant une forêt dense et luxuriante, caractérisée par un climat chaud et humide toute l\'année, de nombreuses plantes exotiques et une faune variée, incluant des oiseaux colorés, des singes, et autres primates'),
('3', 'Marécage', 'sdvsdvdvssv', '2024-07-24 08:15:53', '2024-07-24 08:15:53', NULL, 'L\'habitat marécage est une zone humide avec des plantes aquatiques, abritant des oiseaux, reptiles et amphibiens.');

INSERT INTO `image` (`id`, `name`, `original_name`, `size`, `mime_type`, `created_at`, `updated_at`, `animal_id`, `habitat_id`, `service_id`) VALUES
('3', 'foret-tropical-66a0b826315e6325045385.jpg', 'foret-tropical.jpg', '224822', 'image/jpeg', '2024-07-24 08:15:34', '2024-07-24 08:15:34', NULL, '2', NULL),
('4', 'marecage-66a0b839bd27c921110822.jpg', 'marecage.jpg', '193079', 'image/jpeg', '2024-07-24 08:15:53', '2024-07-24 08:15:53', NULL, '3', NULL),
('5', 'lion-500x750-66a0bb38ec316593006673.jpg', 'lion 500x750.jpg', '70123', 'image/jpeg', '2024-07-24 08:28:40', '2024-07-24 08:28:40', '1', NULL, NULL),
('6', 'boutique-1-66a0c916ce833523079984.jpg', 'boutique (1).jpg', '127980', 'image/jpeg', '2024-07-24 09:27:50', '2024-07-24 09:27:50', NULL, NULL, '2'),
('8', 'portrait-young-businessman-with-mustache-glasses-3d-rendering-1-66a1deb97faea749847864.jpg', 'portrait-young-businessman-with-mustache-glasses-3d-rendering (1).jpg', '153955', 'image/jpeg', '2024-07-25 05:12:25', '2024-07-25 05:12:25', NULL, NULL, NULL),
('68', 'boutique-de-jouet-1-66a259ee58373081479456-66a3799a6a4d3448026256.jpg', 'boutique-de-jouet-1-66a259ee58373081479456.jpg', '112547', 'image/jpeg', '2024-07-26 10:25:30', '2024-07-26 10:25:30', NULL, NULL, '3'),
('76', 'savane-750x500-66a38e13edb1c314963776.jpg', 'savane 750x500.jpg', '138401', 'image/jpeg', '2024-07-26 11:52:51', '2024-07-26 11:52:51', NULL, '1', NULL),
('84', 'lion-v3-66a38f67963df403742430.jpg', 'lion-v3.jpg', '61238', 'image/jpeg', '2024-07-26 11:58:31', '2024-07-26 11:58:31', '1', NULL, NULL),
('87', 'caiman-1-66a399f9da089567703840.jpg', 'caiman (1).jpg', '104032', 'image/jpeg', '2024-07-26 12:43:37', '2024-07-26 12:43:37', '2', NULL, NULL),
('88', 'panda-roux-66a39af753c27601529226.jpg', 'panda-roux.jpg', '128691', 'image/jpeg', '2024-07-26 12:47:51', '2024-07-26 12:47:51', '3', NULL, NULL),
('89', 'elephant-66a39b3f4dca8352210543.jpg', 'elephant.jpg', '137951', 'image/jpeg', '2024-07-26 12:49:03', '2024-07-26 12:49:03', '4', NULL, NULL),
('90', 'zebras-4258909-1280-66a39b7989cfa152462236.jpg', 'zebras-4258909_1280.jpg', '156656', 'image/jpeg', '2024-07-26 12:50:01', '2024-07-26 12:50:01', '5', NULL, NULL);

INSERT INTO `notice` (`id`, `nickname`, `comment`, `status`, `created_at`, `updated_at`, `deleted_at`, `user_id`) VALUES
('1', 'TEST', 'sb<sbs', '1', '2024-07-26 10:21:56', '2024-07-26 10:21:56', NULL, '2'),
('2', 'wbbwb', 'sb<sbs', '1', '2024-07-29 06:18:12', '2024-07-29 06:18:12', NULL, '2'),
('3', 'wbbwb', 'sb<sbsVQDVVQDV', '1', '2024-07-29 06:18:20', '2024-07-29 06:18:20', NULL, '2'),
('4', 'TEST', 'sb<sbsVQDVVQDV', '1', '2024-07-29 06:18:28', '2024-07-29 06:18:28', NULL, '2');

INSERT INTO `service` (`id`, `name`, `description`, `created_at`, `updated_at`, `deleted_at`) VALUES
('2', 'Restaurant', 'dqqqsvsv', '2024-07-24 09:24:50', '2024-07-24 09:24:50', NULL),
('3', 'Boutique', 'fsdbsfbfd', '2024-07-24 09:28:13', '2024-07-24 09:28:13', NULL);

INSERT INTO `user` (`id`, `email`, `first_name`, `last_name`, `roles`, `password`, `phone`, `address`, `api_token`, `created_at`, `updated_at`, `deleted_at`, `avatar_id`) VALUES
('2', 'fxd@gmail.com', 'darragon', 'darragon', '[\"ROLE_ADMIN\"]', '$2y$13$T03dnXDYdj.9.QvLyIGJC.Pw4N5nmBfRrqbbAt6C81UUie9ZCYYsO', '667879458', '{\"zip\": \"15130\", \"city\": \"YTRAC\", \"street\": \"Rue du Puy de Peyre Arse\", \"complement\": null}', NULL, '2024-07-25 05:12:25', '2024-07-25 05:12:25', NULL, '8');

