INSERT INTO `animal` (`id`, `name`, `health`, `description`, `created_at`, `updated_at`, `deleted_at`, `breed_id`, `habitat_id`, `enclosure_id`) VALUES
('1', 'Simba', 'parfaite', NULL, '2024-07-24 08:28:40', '2024-08-01 12:51:05', NULL, '1', '1', '1'),
('2', 'Sacs', 'En attente du rapport vétérinaire', NULL, '2024-07-26 12:43:31', '2024-07-26 12:43:31', NULL, '2', '3', '3'),
('3', 'Rox', 'En attente du rapport vétérinaire', NULL, '2024-07-26 12:47:35', '2024-07-26 12:47:35', NULL, '3', '2', '4'),
('4', 'Dumbo', 'En attente du rapport vétérinaire', NULL, '2024-07-26 12:49:03', '2024-07-26 12:49:03', NULL, '4', '1', '5'),
('5', 'Taunt', 'En attente du rapport vétérinaire', NULL, '2024-07-26 12:50:01', '2024-07-26 12:50:01', NULL, '5', '1', '6');

INSERT INTO `breed` (`id`, `name`, `created_at`, `updated_at`, `deleted_at`) VALUES
('1', 'Lion', '2024-07-24 08:28:40', '2024-07-24 08:28:40', NULL),
('2', 'Caïman', '2024-07-26 12:43:31', '2024-07-26 12:43:31', NULL),
('3', 'Panda roux', '2024-07-26 12:47:35', '2024-07-26 12:47:35', NULL),
('4', 'Elephant', '2024-07-26 12:49:03', '2024-07-26 12:49:03', NULL),
('5', 'Zèbre', '2024-07-26 12:50:01', '2024-07-26 12:50:01', NULL);

INSERT INTO `enclosure` (`id`, `name`, `description`, `short_description`, `habitat_id`) VALUES
('1', 'Enclos des lions', 'Des arbres clairsemés, comme les acacias, offrent des points d\'ombre et des perchoirs, tandis que des rochers stratégiquement disposés fournissent des lieux de repos et de guet pour les félins. Le sol est recouvert d\'herbes hautes, créant un terrain idéal pour la chasse et l\'exploration. Des zones sablonneuses permettent aux lions de s\'allonger confortablement et de se prélasser au soleil.\r\n\r\nDes barrières naturelles, telles que des collines artificielles et des fossés, sont intégrées pour assurer la sécurité tout en offrant un sentiment d\'ouverture. Des structures telles que des grottes et des abris en pierre imitent les refuges naturels, permettant aux lions de se retirer et de se cacher. Les visiteurs peuvent observer les lions depuis des plateformes surélevées ou des chemins sécurisés, offrant une vue plongeante sur l\'enclos sans déranger les animaux. Ce cadre recrée les interactions sociales et les comportements naturels des lions, offrant une expérience immersive tout en sensibilisant le public à la conservation de ces majestueux prédateurs.', 'L\'enclos des lions offre un espace naturel pour l\'exploration et la chasse.', '1'),
('2', 'Enclos des jaguars', 'sqqdqvd', 'sbsbd', '2'),
('3', 'Enclos des caïmans', 'L\'enclos des caïmans est un espace semi-aquatique recréant leur habitat naturel de marécage. Il comprend une grande étendue d\'eau stagnante avec des zones de végétation dense, des rochers pour se prélasser', 'L\'enclos des caïmans est un espace semi-aquatique recréant leur habitat naturel de marécage.', '3'),
('4', 'Enclos des pandas roux', 'L\'enclos des pandas roux est conçu pour reproduire fidèlement leur habitat naturel de montagne, offrant une forêt dense de bambous, d\'arbres et de buissons. De nombreux arbres à feuilles persistantes, tels que les pins et les chênes, sont stratégiquement plantés pour fournir des opportunités de grimper, un comportement essentiel pour ces animaux arboricoles. Les branches des arbres sont renforcées pour supporter le poids des pandas roux et sont disposées de manière à créer des parcours de grimpe stimulants et variés.\r\n\r\nDes abris naturels, tels que des cavités d\'arbres et des niches en bois, sont répartis dans l\'enclos pour permettre aux pandas roux de se reposer et de se cacher, mimant les crevasses et les nids qu\'ils utiliseraient dans la nature. Le sol est couvert de feuillage et de sous-bois épais pour offrir un environnement confortable et enrichissant.', 'L\'enclos de panda roux est constitué d\'une forêt de bambous et d\'arbres, offrant des branches pour grimper et des abris naturels pour se reposer', '2'),
('5', 'Enclos des éléphants', 'Cet espace fournit de l\'ombre et des sources de nourriture, il inclut plusieurs points d\'eau, comme des étangs et des mares, où les éléphants peuvent se baigner, boire et jouer, recréant leur comportement naturel de socialisation et de toilettage. Des terrains variés, allant de sols sablonneux à des zones herbeuses, permettent aux éléphants de marcher et de creuser.\r\n\r\nDes troncs d\'arbres abattus et des structures en bois sont disséminés pour permettre aux éléphants de se frotter, de se gratter et de démontrer leur force en les manipulant. Les barrières naturelles et les collines artificielles offrent une séparation subtile entre les éléphants et les visiteurs, qui peuvent les observer depuis des plateformes sécurisées et surélevées. L\'enclos est conçu pour promouvoir le bien-être des éléphants, en leur offrant un environnement enrichissant et stimulant qui encourage les comportements naturels et favorise la santé physique et mentale de ces majestueux animaux.', 'L\'enclos des éléphants offre des points d\'eau, permettant aux éléphants de se nourrir, se baigner et de se socialiser.', '1'),
('6', 'Enclos des zèbres', 'Les zèbres peuvent se déplacer librement sur un terrain légèrement vallonné, offrant une diversité de paysages et des zones d\'ombre pour se protéger du soleil.\r\n\r\nDes mares et des points d\'eau sont intégrés pour permettre aux zèbres de boire et de se rafraîchir. Des barrières naturelles, comme des fossés et des haies, sont utilisées pour délimiter l\'enclos tout en maintenant une esthétique naturelle. Des zones de terre battue permettent aux zèbres de se rouler, un comportement essentiel pour leur toilettage et leur confort. Les visiteurs peuvent observer les zèbres depuis des sentiers ou des plateformes surélevées, leur offrant une vue imprenable sur les animaux sans perturber leur environnement. Cet enclos vise à recréer les conditions naturelles de la savane, permettant aux zèbres d\'exprimer leurs comportements sociaux et naturels tout en sensibilisant le public à leur conservation.', 'L\'enclos des zèbres offre un espace ouvert pour la course et le pâturage.', '1');

INSERT INTO `habitat` (`id`, `name`, `description`, `short_description`, `created_at`, `updated_at`, `deleted_at`) VALUES
('1', 'Savane', 'Cet espace est caractérisé par des prairies ondulantes parsemées de quelques arbres et arbustes, comme les acacias, qui offrent de l\'ombre et des points de repère visuels. Le sol est souvent sec et sablonneux, avec des zones boueuses en saison humide pour simuler les points d\'eau naturels.\r\n\r\nLa diversité des plantes est sélectionnée pour résister à la sécheresse et aux feux contrôlés, favorisant un écosystème équilibré. Les animaux, tels que les zèbres, girafes, éléphants, et antilopes, y cohabitent de manière à refléter les interactions complexes et les comportements sociaux observés dans la nature, tandis que les prédateurs que les lions vivent à part.\r\n\r\nDes structures comme des termitières artificielles et des rochers ajoutent à l\'authenticité de l\'environnement.\r\n\r\nDes mesures de conservation et de gestion durable sont mises en place pour assurer le bien-être des animaux et la pérennité de cet écosystème. Les visiteurs peuvent observer les animaux depuis des plateformes surélevées ou des véhicules de safari, leur permettant de découvrir la richesse et la dynamique de la savane tout en respectant l\'espace des animaux. Ce cadre éducatif et récréatif vise à sensibiliser le public à la beauté et à la fragilité des écosystèmes de savane, tout en contribuant à la conservation des espèces menacées.', 'L\'habitat savane est une vaste étendue herbeuse avec quelques arbres clairsemés, recréant les conditions naturelles pour abriter des espèces telles que les lions, zèbres et éléphants.', '2024-07-24 08:13:19', '2024-07-24 08:13:19', NULL),
('2', 'Forêt tropical', 'L\'habitat de la forêt tropicale est un écosystème luxuriant et diversifié, caractérisé par une végétation dense et une canopée épaisse qui crée un environnement ombragé en dessous. Ce type d\'habitat est dominé par des arbres à feuilles persistantes qui atteignent des hauteurs impressionnantes, formant plusieurs couches de végétation.\r\n\r\nLa canopée supérieure abrite une grande variété d\'espèces d\'oiseaux, d\'insectes et de petits mammifères, comme les singes et les écureuils volants. Les plantes épiphytes, telles que les orchidées et les broméliacées, poussent sur les branches des arbres, ajoutant une dimension verticale à la biodiversité de la forêt.\r\n\r\nAu niveau du sol, le sous-bois est rempli de fougères, de palmiers et de jeunes arbres en croissance. La lumière du soleil atteint rarement le sol de la forêt, créant un environnement humide et frais, propice à une diversité d\'organismes tels que les amphibiens, les reptiles et une variété d\'insectes. Les grands mammifères, comme les jaguars, les tapirs et les éléphants de forêt, y trouvent abri et nourriture.\r\n\r\nLes mesures de conservation et de gestion durable sont essentielles pour protéger la biodiversité de la forêt tropicale et garantir la survie des espèces menacées. Les visiteurs peuvent explorer la forêt à travers des sentiers balisés ou des passerelles suspendues, leur permettant de découvrir la richesse et la beauté de cet écosystème tout en minimisant leur impact sur l\'environnement.', 'L\'habitat tropical recréant une forêt dense et luxuriante, caractérisée par un climat chaud et humide toute l\'année, de nombreuses plantes exotiques et une faune variée, incluant des oiseaux colorés, des singes, et autres primates', '2024-07-24 08:15:34', '2024-07-24 08:15:34', NULL),
('3', 'Marécage', 'L\'habitat  marécage est un écosystème humide et riche en biodiversité, caractérisé par une végétation dense et une abondance d\'eau stagnante ou en mouvement lent. Les marécages se trouvent généralement dans les zones basses et mal drainées, où le sol est saturé en eau pendant une grande partie de l\'année.\r\n\r\nL\'habitat  marécage abrite une variété d\'animaux adaptés à des conditions humides. Les amphibiens, comme les grenouilles et les salamandres, prospèrent dans cet environnement, utilisant l\'eau pour se reproduire et les zones humides pour se nourrir. Les reptiles, tels que les tortues et les alligators, sont également courants, trouvant refuge et nourriture dans les marais.\r\n\r\nLes mammifères, comme les castors, les ratons laveurs et les loutres, exploitent les ressources abondantes des marécages pour se nourrir et construire leurs abris. Les castors, en particulier, jouent un rôle écologique clé en modifiant le paysage avec leurs barrages, créant ainsi des habitats pour d\'autres espèces.\r\n\r\nLes marécages remplissent des fonctions écologiques essentielles, notamment la purification de l\'eau, le contrôle des inondations et la séquestration du carbone. Ils agissent comme des éponges naturelles, absorbant l\'excès d\'eau lors des périodes de fortes pluies et réduisant ainsi les risques d\'inondation en aval.\r\n\r\nLes mesures de conservation et de gestion durable sont cruciales pour préserver les marécages et les services écosystémiques qu\'ils fournissent. Les visiteurs peuvent explorer les marécages via des sentiers surélevés ou en canoë, ce qui leur permet d\'observer de près la diversité des espèces et les interactions écologiques sans perturber l\'habitat fragile. Ces infrastructures permettent également une visite en toute sécurité, offrant une expérience enrichissante tout en minimisant les risques.', 'L\'habitat marécage est une zone humide avec des plantes aquatiques, abritant des oiseaux, reptiles et amphibiens.', '2024-07-24 08:15:53', '2024-07-24 08:15:53', NULL);

INSERT INTO `image` (`id`, `name`, `original_name`, `size`, `mime_type`, `created_at`, `updated_at`, `animal_id`, `habitat_id`, `service_id`) VALUES
('3', 'foret-tropical-66a0b826315e6325045385.jpg', 'foret-tropical.jpg', '224822', 'image/jpeg', '2024-07-24 08:15:34', '2024-07-24 08:15:34', NULL, '2', NULL),
('4', 'marecage-66a0b839bd27c921110822.jpg', 'marecage.jpg', '193079', 'image/jpeg', '2024-07-24 08:15:53', '2024-07-24 08:15:53', NULL, '3', NULL),
('5', 'lion-500x750-66a0bb38ec316593006673.jpg', 'lion 500x750.jpg', '70123', 'image/jpeg', '2024-07-24 08:28:40', '2024-07-24 08:28:40', '1', NULL, NULL),
('6', 'boutique-1-66a0c916ce833523079984.jpg', 'boutique (1).jpg', '127980', 'image/jpeg', '2024-07-24 09:27:50', '2024-07-24 09:27:50', NULL, NULL, '2'),
('8', 'portrait-young-businessman-with-mustache-glasses-3d-rendering-1-66a1deb97faea749847864.jpg', 'portrait-young-businessman-with-mustache-glasses-3d-rendering (1).jpg', '153955', 'image/jpeg', '2024-07-25 05:12:25', '2024-07-25 05:12:25', NULL, NULL, NULL),
('68', 'boutique-de-jouet-1-66a259ee58373081479456-66a3799a6a4d3448026256.jpg', 'boutique-de-jouet-1-66a259ee58373081479456.jpg', '112547', 'image/jpeg', '2024-07-26 10:25:30', '2024-07-26 10:25:30', NULL, NULL, '3'),
('76', 'savane-750x500-66a38e13edb1c314963776.jpg', 'savane 750x500.jpg', '138401', 'image/jpeg', '2024-07-26 11:52:51', '2024-07-26 11:52:51', NULL, '1', NULL),
('84', 'lion-v3-66a38f67963df403742430.jpg', 'lion-v3.jpg', '61238', 'image/jpeg', '2024-07-26 11:58:31', '2024-07-26 11:58:31', '1', NULL, NULL),
('87', 'caiman-1-66a399f9da089567703840.jpg', 'caiman (1).jpg', '104032', 'image/jpeg', '2024-07-26 12:43:37', '2024-07-26 12:43:37', '2', NULL, NULL),
('88', 'panda-roux-66a39af753c27601529226.jpg', 'panda-roux.jpg', '128691', 'image/jpeg', '2024-07-26 12:47:51', '2024-07-26 12:47:51', '3', NULL, NULL),
('89', 'elephant-66a39b3f4dca8352210543.jpg', 'elephant.jpg', '137951', 'image/jpeg', '2024-07-26 12:49:03', '2024-07-26 12:49:03', '4', NULL, NULL),
('90', 'zebras-4258909-1280-66a39b7989cfa152462236.jpg', 'zebras-4258909_1280.jpg', '156656', 'image/jpeg', '2024-07-26 12:50:01', '2024-07-26 12:50:01', '5', NULL, NULL),
('91', 'portrait-young-businessman-with-mustache-glasses-3d-rendering-66aa54349063b136765774.jpg', 'portrait-young-businessman-with-mustache-glasses-3d-rendering.jpg', '153955', 'image/jpeg', '2024-07-31 15:11:48', '2024-07-31 15:11:48', NULL, NULL, NULL),
('92', 'portrait-young-businessman-with-mustache-glasses-3d-rendering-66ab6f43a42f2216523897.jpg', 'portrait-young-businessman-with-mustache-glasses-3d-rendering.jpg', '153955', 'image/jpeg', '2024-08-01 11:19:31', '2024-08-01 11:19:31', NULL, NULL, NULL);

INSERT INTO `notice` (`id`, `nickname`, `comment`, `status`, `created_at`, `updated_at`, `deleted_at`, `user_id`) VALUES
('1', 'TEST', 'sb<sbs', '1', '2024-07-26 10:21:56', '2024-07-26 10:21:56', NULL, '2'),
('2', 'wbbwb', 'sb<sbs', '1', '2024-07-29 06:18:12', '2024-07-29 06:18:12', NULL, '2'),
('3', 'wbbwb', 'sb<sbsVQDVVQDV', '1', '2024-07-29 06:18:20', '2024-07-29 06:18:20', NULL, '2'),
('4', 'TEST', 'sb<sbsVQDVVQDV', '1', '2024-07-29 06:18:28', '2024-07-29 06:18:28', NULL, '2');

INSERT INTO `service` (`id`, `name`, `description`, `created_at`, `updated_at`, `deleted_at`) VALUES
('2', 'Restaurant', 'dqqqsvsv', '2024-07-24 09:24:50', '2024-07-24 09:24:50', NULL),
('3', 'Boutique', 'fsdbsfbfd', '2024-07-24 09:28:13', '2024-07-24 09:28:13', NULL);

INSERT INTO `user` (`id`, `email`, `first_name`, `last_name`, `roles`, `password`, `phone`, `address`, `api_token`, `created_at`, `updated_at`, `deleted_at`, `avatar_id`) VALUES
('2', 'fxd@gmail.com', 'darragon', 'darragon', '[\"ROLE_ADMIN\"]', '$2y$13$T03dnXDYdj.9.QvLyIGJC.Pw4N5nmBfRrqbbAt6C81UUie9ZCYYsO', '667879458', '{\"zip\": \"15130\", \"city\": \"YTRAC\", \"street\": \"Rue du Puy de Peyre Arse\", \"complement\": null}', NULL, '2024-07-25 05:12:25', '2024-07-25 05:12:25', NULL, '8'),
('3', 'fxdvisiteur@gmail.com', 'dd', 'dd', '[\"ROLE_VISITOR\"]', '$2y$13$TeC79G/YmYR678YJinaQ3u9Frz8oFHNUI5exHkykWyNzq9jfcfLse', NULL, NULL, NULL, '2024-07-31 15:11:48', '2024-07-31 15:11:48', NULL, '91'),
('4', 'fxdveto@gmail.com', 'fx', 'dd', '[\"ROLE_VETERINARY\"]', '$2y$13$smpYSPUqa2ehucZEXMewxuU5BbKpWGNvq6EeMB/IozGhNBYf19A2i', NULL, '{\"zip\": null, \"city\": null, \"street\": null, \"complement\": null}', NULL, '2024-08-01 11:19:31', '2024-08-01 11:19:31', NULL, '92');

INSERT INTO `veterinary_report` (`id`, `detail`, `created_at`, `updated_at`, `deleted_at`, `user_id`, `animal_id`) VALUES
('2', 'Simba, le lion, est en parfaite santé selon l\'examen vétérinaire réalisé. Il présente une condition corporelle excellente avec une musculature bien développée et un pelage brillant sans signes d\'irritation ou de parasites. Son comportement est actif et alerte, et son appétit ainsi que sa consommation d\'eau sont normaux. Les examens cliniques montrent une respiration claire, des battements cardiaques réguliers, et aucune anomalie dans les systèmes musculo-squelettique, gastro-intestinal, urinaire ou reproducteur. Les analyses sanguines et les tests des selles et des urines sont tous dans les limites normales, confirmant l\'absence de maladies ou de troubles. Il est recommandé de maintenir une alimentation équilibrée, de promouvoir un exercice régulier et de prévoir des visites de routine tous les six mois pour le suivi général et les vaccinations préventives. Simba est en excellente forme physique et mentale.', '2024-08-01 11:41:05', '2024-08-01 11:41:05', NULL, NULL, '1');

